"#","Document ID","ML Result","Confidence","Motor State","Distance (cm)","Color (R,G,B)","Water Level","System Status","Timestamp (UTC+8)"
"1","3NoY1ZPhMI0qMW4YdOWT","No Image","0","stopped","70.68","127,127,—","true","running","Jan 10, 2026 4:20:21 AM"
"2","DXd0N0fy8ViaTvrwHyHa","No Image","0","stopped","400","127,127,—","true","running","Jan 10, 2026 4:21:35 AM"
"3","zUpILJKaQeCxe3VkSRQ1","No Image","0","stopped","400","127,127,—","true","running","Jan 10, 2026 4:21:48 AM"
"4","BKJTK0dr605j1Ik2CSMk","No Image","0","stopped","400","127,127,—","true","running","Jan 10, 2026 4:22:00 AM"
"5","gYu81yWr2uDxBmLPuQND","No Image","0","stopped","400","127,127,—","true","running","Jan 10, 2026 4:22:11 AM"
"6","r3HBCLvPfXPVvIJNPSd2","No Image","0","stopped","400","127,127,—","true","running","Jan 10, 2026 4:22:23 AM"
"7","4FrYnEpQ9nLUsZVldfkW","Inference Error","0","stopped","260.09","85,85,42","true","running","Feb 2, 2026 7:05:05 AM"
"8","zd200d51vhkNlyVX5G8Z","Inference Error","0","stopped","258.83","85,85,42","true","running","Feb 2, 2026 7:07:18 AM"
"9","s3sKm8RFl7fXjVJMd1bA","Inference Error","0","stopped","260.09","85,85,42","true","running","Feb 2, 2026 7:07:31 AM"
"10","USncsgiMtRhkkX8Fzd2t","Inference Error","0","stopped","263.27","85,85,42","true","running","Feb 2, 2026 7:07:43 AM"
"11","TghQnJVpBNRrMLmrF9LW","Inference Error","0","stopped","41.34","85,85,42","true","running","Feb 2, 2026 7:07:56 AM"
"12","JfLcYmGq76RGvXawcYtv","Inference Error","0","stopped","263.34","85,85,42","true","running","Feb 2, 2026 7:08:08 AM"
"13","AaqgOCfY1EHONEWKLsXw","Inference Error","0","stopped","263.30","85,85,42","true","running","Feb 2, 2026 7:08:55 AM"
"14","MjpvvdbFjfpX44Jee7LY","Inference Error","0","stopped","263.35","85,85,42","true","running","Feb 2, 2026 7:09:07 AM"
"15","Wk7Ya0rKkXXdDwCZ79Gf","Inference Error","0","stopped","263.07","85,85,42","true","running","Feb 2, 2026 7:09:38 AM"
"16","ql0wKVlJHpz39XkVqEFH","Inference Error","0","stopped","263.54","85,85,42","true","running","Feb 2, 2026 7:09:51 AM"
"17","DILMjcAhqhH0Xh9OwTzX","Inference Error","0","stopped","231.94","85,85,42","true","running","Feb 2, 2026 7:10:04 AM"
"18","4w1KHosJB5dHADwjkatB","Inference Error","0","stopped","263.49","85,85,42","true","running","Feb 2, 2026 7:10:16 AM"
"19","oroe74j3QdTvyYrqDP3q","Inference Error","0","stopped","263.57","85,85,42","true","running","Feb 2, 2026 7:10:28 AM"
"20","lDm1wSUQ8i9Ia8Ki8opt","Inference Error","0","stopped","263.46","85,85,42","true","running","Feb 2, 2026 7:10:41 AM"
"21","oXlzpV8UWxTZp8WhuujO","Inference Error","0","stopped","130.82","85,85,42","true","running","Feb 2, 2026 7:11:26 AM"
"22","ZlgTbK59cEf6JYgujBch","Inference Error","0","stopped","30.15","85,85,42","true","running","Feb 2, 2026 7:11:39 AM"
"23","vwbbrr3Xenb92R4mslR4","Inference Error","0","stopped","57.67","85,85,42","true","running","Feb 2, 2026 7:11:51 AM"
"24","4Mq9zmgZMdxhdDIwkEJR","Inference Error","0","stopped","163.17","85,85,42","true","running","Feb 2, 2026 7:20:00 AM"
"25","X0ByovN3XI9R9m6hl29v","Inference Error","0","stopped","228.06","85,85,42","true","running","Feb 2, 2026 7:20:12 AM"
"26","iTaeuqU56oAbPJJBbwWj","Algae","255","forward_speed_100","87.43","85,85,42","true","running","Feb 2, 2026 7:24:58 AM"
"27","u7WHYnbFN8Z3rnEZrVti","Algae","255","stopped","207.25","85,85,42","true","running","Feb 2, 2026 7:25:12 AM"
"28","Syo2oh5SDN4gWunPSVDw","Algae","255","forward_speed_100","225.17","85,85,42","true","running","Feb 2, 2026 7:25:24 AM"
"29","Yn0bEtSAsISiH1ZkuuOC","Algae","255","stopped","229.57","85,85,42","true","running","Feb 2, 2026 7:25:36 AM"
"30","lCw68AUAaHw1oXToYa67","Algae","255","forward_speed_100","219.34","85,85,42","true","running","Feb 2, 2026 7:25:48 AM"
"31","VggSJWnLFpixb7GIsZge","Algae","255","stopped","213.73","85,85,42","true","running","Feb 2, 2026 7:26:00 AM"
"32","3tYukHGhTZdkMNkPtDbG","Algae","255","forward_speed_100","224.70","85,85,42","true","running","Feb 2, 2026 7:26:12 AM"
"33","zwAPXDbIkcpXk2Rzu4Cc","Algae","255","stopped","228.13","85,85,42","true","running","Feb 2, 2026 7:26:24 AM"
"34","3Iv4N2VR39BviX4gdO0t","Algae","255","forward_speed_100","226.62","85,85,42","true","running","Feb 2, 2026 7:26:36 AM"
"35","Xwf5MW4KlOGHY9nF3nNy","Algae","255","stopped","72.23","85,85,42","true","running","Feb 2, 2026 7:26:48 AM"
"36","zmjWMLmAfNx04cZLfyLi","Algae","255","forward_speed_100","61.80","85,85,42","true","running","Feb 2, 2026 7:27:00 AM"
"37","v3Hi50ni7mxtEYqVVNoR","Algae","255","stopped","76.30","85,85,42","true","running","Feb 2, 2026 7:27:12 AM"
"38","qhaMjiZWL5cdkl7W2zNC","Algae","255","forward_speed_100","70.34","85,85,42","true","running","Feb 2, 2026 7:27:24 AM"
"39","mmA1KqLadC35kuhIURBR","Algae","255","stopped","87.91","85,85,42","true","running","Feb 2, 2026 7:27:35 AM"
"40","NuIuYrnx8VhZwA9nOQ8v","No Algae","246","stopped","217.28","85,85,42","true","running","Feb 2, 2026 7:27:48 AM"
"41","YPeUGYhjYJT45zlsNBoR","No Algae","0.5686","stopped","92.83","85,85,42","true","running","Feb 2, 2026 7:31:11 AM"
"42","GvZz0ubc1tT2sZZH1ccV","Algae","1","stopped","233.84","85,85,42","true","running","Feb 2, 2026 7:31:25 AM"
"43","DAyVMtMkPLlocbmfATKJ","Algae","1","forward_speed_100","227.46","85,85,42","true","running","Feb 2, 2026 7:31:37 AM"
"44","5WsX0T639CHaZoN8keQ7","Algae","1","stopped","206.68","85,85,42","true","running","Feb 2, 2026 7:31:49 AM"
"45","8WksM5xNa7yV4GZot9IO","Algae","1","forward_speed_100","225.36","85,85,42","true","running","Feb 2, 2026 7:32:01 AM"
"46","IRNMKetWtLOUwhVNF7bU","Algae","1","stopped","212.09","85,85,42","true","running","Feb 2, 2026 7:32:13 AM"
"47","iDJtY4IMJjz8mTtdf95L","Algae","1","forward_speed_100","221.66","85,85,42","true","running","Feb 2, 2026 7:32:25 AM"
"48","hGRsTugTW6ZRTauVM6RF","Algae","1","stopped","202.40","85,85,42","true","running","Feb 2, 2026 7:32:37 AM"
"49","OIOI0JlVkHLocyJ6QHl2","Algae","1","forward_speed_100","231.72","85,85,42","true","running","Feb 2, 2026 7:32:49 AM"
"50","ipLNqxq1L0BsBNY7XCaO","Algae","1","stopped","103.11","85,85,42","true","running","Feb 2, 2026 7:33:01 AM"
"51","uB6PgQphY9mgRD8X5i9p","Algae","1","forward_speed_100","231.75","85,85,42","true","running","Feb 2, 2026 7:33:13 AM"
"52","83IzB1mKndYxYslQSmno","Algae","1","stopped","226.75","85,85,42","true","running","Feb 2, 2026 7:33:25 AM"
"53","fvvf4bdFQmXooLgJFbgL","Algae","1","forward_speed_100","232.35","85,85,42","true","running","Feb 2, 2026 7:33:37 AM"
"54","OvVkTkqDSweVFdeZa9Ay","Algae","1","stopped","32.87","85,85,42","true","running",""